Episode,Reward,Steps,Progress,AvgDist,MaxDist,Within5m%,AvgSpeed,R_Follow,R_Heading,R_Smooth,EndReason,TotalSteps
1,1311.01,6000,0.0040,319.56,643.31,0.2,15.24,23.71,1383.75,-101.4447,truncated,24000
2,2104.80,6000,0.0360,235.69,433.15,8.2,8.06,668.03,1501.83,-150.0615,truncated,48000
3,8429.81,6000,0.7360,5.80,17.11,54.7,8.76,5113.24,1563.33,-81.7628,truncated,72000
4,8785.62,6000,0.4040,4.49,16.75,71.8,7.83,6244.96,1605.89,-70.2245,truncated,96000
5,9858.04,6000,0.3780,3.53,10.14,86.2,6.26,7412.02,1576.84,-70.7983,truncated,120000
6,8335.91,6000,0.2980,9.69,76.22,71.4,6.76,6165.37,1526.26,-95.7117,truncated,144000
7,9380.25,4804,1.0000,4.03,19.82,77.6,8.51,5433.68,1350.19,-98.6368,completed,163216
8,619.08,306,0.0560,3.23,7.40,81.4,7.47,408.42,83.81,-8.1515,,164440
9,1407.96,732,0.1720,3.46,7.53,77.0,7.00,932.94,201.96,-16.9357,,167368
10,448.67,158,0.2520,3.53,9.16,75.3,12.26,200.54,51.04,-2.9149,,168000
11,3581.15,729,1.0000,2.00,4.41,100.0,18.36,1212.42,308.56,-9.8201,completed,170916
12,396.36,248,0.0180,3.86,8.46,73.4,5.84,297.43,66.52,-7.5969,,171908
13,569.67,242,0.0900,3.37,8.13,81.4,10.64,315.89,78.84,-5.0674,,172876
14,4183.92,837,1.0000,2.10,6.48,97.1,19.19,1355.58,361.05,-7.7092,completed,176224
15,16.32,3,0.0060,1.38,2.33,100.0,18.85,5.47,1.26,-0.4093,,176236
16,980.04,193,0.2340,1.86,4.79,100.0,19.48,326.30,85.67,-1.9332,,177008
17,141.68,37,0.2620,2.58,5.11,97.3,19.57,54.39,17.67,-0.3800,,177156
18,3386.84,650,1.0000,1.96,4.97,100.0,18.94,1080.36,276.56,-15.0844,completed,179756
19,1375.73,305,0.3000,2.10,5.03,99.7,18.98,497.46,136.83,-3.5643,,180976
20,373.50,74,0.3860,1.78,3.51,100.0,19.10,127.47,31.66,-0.6262,,181272
21,692.61,134,0.5480,1.78,3.67,100.0,18.78,231.15,57.71,-1.2498,,181808
22,2447.74,605,1.0000,2.85,7.24,89.3,18.90,850.88,273.01,-6.1521,completed,184228
23,1468.91,302,0.3420,2.04,5.35,96.7,18.43,495.37,126.64,-3.0950,,185436
24,44.43,9,0.3520,1.75,3.04,100.0,18.15,15.63,3.90,-0.1070,,185472
25,885.91,218,0.5400,2.62,5.46,88.5,18.64,322.18,96.20,-2.4748,,186344
26,2436.12,570,1.0000,2.62,6.26,91.6,18.84,839.96,251.89,-5.7289,completed,188624
27,992.55,207,0.2260,1.97,5.00,99.5,18.71,345.37,89.42,-2.2425,,189452
28,273.51,69,0.2820,2.52,5.21,97.1,19.18,103.84,30.22,-0.5464,,189728
29,3552.15,763,1.0000,2.15,5.30,99.2,19.03,1226.14,338.01,-7.0086,completed,192780
30,323.44,103,0.0620,3.47,6.74,74.8,19.58,125.35,49.29,-1.1937,,193192
31,1324.34,356,0.3280,2.89,7.47,82.6,19.27,494.59,167.55,-2.8006,,194616
32,3390.05,797,1.0000,2.74,8.46,86.8,18.88,1145.87,370.86,-6.6731,completed,197804
33,1801.67,321,0.4560,1.67,5.56,99.1,16.95,555.71,123.13,-12.1595,,199088
34,3283.82,1098,1.0000,3.89,9.78,68.2,17.91,1241.03,503.76,-20.9723,completed,203480
35,3923.32,948,0.8160,2.42,6.47,95.0,16.95,1453.20,452.45,-17.3290,,207272
36,240.19,75,0.8600,3.22,5.91,82.7,16.41,97.15,34.89,-1.8577,,207572
37,604.65,189,0.9700,3.22,6.35,83.1,16.36,244.82,89.31,-4.4820,,208328
38,363.50,48,1.0000,2.90,5.24,87.5,16.72,66.53,22.66,-0.6920,completed,208520
39,3582.27,900,0.7320,2.55,7.07,93.2,16.91,1345.85,425.33,-13.9061,,212120
40,31.45,10,0.7380,3.49,5.96,70.0,17.25,12.16,4.53,-0.2441,,212160
41,1307.68,220,1.0000,2.04,6.27,94.1,17.60,358.62,96.88,-2.8215,completed,213040
42,1028.32,271,0.2040,2.59,5.94,93.7,17.47,400.60,126.99,-4.2721,,214124
43,2468.91,464,0.8120,1.66,7.67,98.9,16.61,805.89,153.84,-10.8185,,215980
44,801.93,365,0.9460,5.18,11.72,49.9,19.04,312.48,158.31,-3.8655,,217440
45,513.53,133,1.0000,4.86,9.49,54.1,19.48,120.82,58.78,-1.0699,completed,217972
46,1072.85,172,0.2860,1.24,3.42,100.0,18.26,316.95,51.50,-5.6013,,218660
47,2239.93,572,0.7440,2.67,7.25,89.3,19.16,831.21,269.21,-5.4796,,220948
48,787.39,149,0.9340,1.65,4.66,100.0,17.30,258.67,58.62,-4.8973,,221544
49,487.76,56,1.0000,1.79,3.31,100.0,18.80,96.33,26.75,-0.3208,completed,221768
50,2602.66,536,0.5860,1.96,4.75,100.0,18.87,892.36,254.83,-4.5391,,223912
51,1108.54,221,0.8440,1.88,5.91,96.4,18.80,369.67,96.44,-2.5687,,224796
52,953.39,180,1.0000,2.33,5.08,99.4,19.09,279.24,85.81,-1.6585,completed,225516
53,950.73,177,0.2260,1.70,4.28,100.0,18.73,308.27,83.96,-1.4908,,226224
54,2014.48,403,0.6880,1.88,4.96,100.0,18.74,678.04,184.07,-2.6249,,227836
55,764.47,179,0.8520,2.43,6.82,89.9,19.05,272.61,83.23,-1.3624,,228552
56,937.72,196,1.0000,2.84,6.11,88.3,19.12,275.37,94.19,-1.8355,completed,229336
57,2297.86,466,0.5240,1.90,4.77,100.0,18.76,782.81,213.23,-3.1794,,231200
58,577.74,100,0.6660,1.60,3.35,100.0,18.29,177.60,45.46,-0.3169,,231600
59,1101.97,254,0.9040,2.41,6.83,92.5,18.97,389.61,118.98,-1.6184,,232616
60,690.80,136,1.0000,2.93,5.89,84.6,19.35,186.48,65.17,-0.8548,completed,233160
61,1706.90,464,0.3600,3.15,8.34,76.1,18.79,610.20,208.55,-6.8541,,235016
62,2197.79,406,0.8880,1.66,3.82,100.0,18.26,711.91,169.83,-3.9521,,236640
63,733.95,125,1.0000,2.24,4.86,100.0,18.88,197.63,57.19,-0.8725,completed,237140
64,918.65,140,0.2520,1.08,2.68,100.0,13.66,263.68,38.90,-8.9285,,237700
65,3406.97,818,0.9760,2.53,8.27,91.1,18.86,1226.08,376.23,-5.3404,,240972
66,328.24,39,1.0000,3.25,6.25,79.5,19.35,49.97,18.61,-0.3412,completed,241128
67,64.14,18,0.0140,2.68,4.92,100.0,18.77,26.12,8.56,-0.5520,,241200
68,1759.96,437,0.3740,2.44,5.45,97.0,19.02,665.76,197.61,-3.4093,,242948
69,1994.01,417,0.8380,2.27,10.00,92.8,17.98,660.98,176.13,-3.1090,,244616
70,601.95,231,0.9400,4.23,9.87,62.3,19.57,239.84,108.76,-1.6463,,245540
71,540.58,131,1.0000,4.43,9.07,56.5,19.44,129.28,62.19,-0.8980,completed,246064
72,881.75,225,0.1800,2.49,5.24,98.2,18.93,339.96,98.97,-2.1763,,246964
73,2761.53,663,0.7660,2.45,7.31,93.1,18.76,1012.09,290.54,-6.0964,,249616
74,552.44,132,0.8840,2.49,6.83,91.7,18.94,200.55,57.90,-1.0195,,250144
75,722.40,112,1.0000,1.99,4.03,100.0,18.46,186.87,46.50,-0.9671,completed,250592
76,1020.25,263,0.2080,2.55,5.42,98.1,19.29,392.18,115.00,-1.9329,,251644
77,2938.98,709,0.8340,2.51,7.19,90.6,18.89,1070.11,309.33,-5.4667,,254480
78,257.62,92,0.8800,4.02,8.22,63.0,19.57,99.46,43.83,-0.6710,,254848
79,830.60,187,1.0000,3.13,7.21,83.4,19.11,247.17,84.78,-1.3532,completed,255596
80,103.31,20,0.0260,1.66,2.84,100.0,17.90,35.20,8.65,-0.5382,,255676
81,3457.06,720,0.8100,1.98,5.01,99.9,18.02,1202.81,301.60,-7.3534,,258556
82,630.67,192,0.9280,3.12,6.53,87.5,17.58,254.75,87.39,-6.4781,,259324
83,597.66,132,1.0000,3.22,6.56,84.8,14.53,170.86,62.34,-15.5335,completed,259852
84,71.17,10,0.0220,0.80,1.55,100.0,10.34,19.40,2.19,-0.4116,,259892
85,4337.78,1567,0.8860,3.59,10.47,74.0,11.86,1902.14,665.65,-390.0091,,266160
86,922.32,420,1.0000,4.44,9.63,59.8,10.23,413.55,173.82,-150.0645,completed,267840
87,366.99,187,0.0600,3.94,7.97,69.0,10.35,206.33,77.25,-61.5898,,268588
88,1561.93,598,0.3360,3.60,8.91,74.9,11.90,720.35,256.80,-105.2150,,270980
89,1159.87,277,0.5800,2.37,4.96,100.0,17.29,431.93,119.82,-1.8705,,272088
90,2608.93,945,0.9980,3.34,9.08,81.0,10.62,1217.13,407.68,-60.8729,,275868
91,209.19,2,1.0000,2.10,3.05,100.0,19.10,3.28,0.91,-0.0035,completed,275876
92,370.46,105,0.0740,2.66,5.29,96.2,17.14,155.74,39.06,-4.3438,,276296
93,3620.01,4948,0.4240,8.63,17.35,21.4,2.42,1919.47,855.66,-30.1160,,296088
94,117.57,945,0.4240,13.94,19.94,0.0,0.84,5.54,114.75,-2.7190,,299868
95,0.35,2,0.4240,11.58,11.58,0.0,0.00,0.02,0.33,-0.0005,truncated,299876
96,44.45,105,0.0020,7.27,8.88,8.6,1.83,32.19,15.10,-2.8414,,300296
97,1809.42,4948,0.0020,8.66,14.62,0.8,1.55,691.96,1248.51,-131.0485,,320088
98,236.68,945,0.0020,10.78,12.08,0.0,1.65,29.16,241.49,-33.9650,,323868
99,0.44,2,0.0020,11.68,11.68,0.0,0.00,0.02,0.42,-0.0031,truncated,323876
100,64.14,105,0.0040,6.78,7.97,9.5,2.52,39.01,22.16,-2.0311,,324296
101,4405.22,4948,0.0080,5.77,8.35,26.4,0.98,2840.47,1615.58,-60.8257,,344088
102,1133.98,945,0.0080,4.72,7.89,66.1,1.33,816.28,332.32,-14.6140,,347868
103,3.64,2,0.0080,3.01,3.02,100.0,0.10,2.78,0.86,-0.0005,truncated,347876
104,156.99,105,0.0040,3.80,4.82,100.0,2.30,118.08,35.83,-1.9148,,348296
105,5261.00,4948,0.0320,5.02,8.25,54.0,1.08,3882.20,1369.83,-61.0190,,368088
106,709.22,945,0.0320,6.08,9.01,12.0,0.60,460.24,256.25,-7.2681,,371868
107,1.06,2,0.0320,6.02,6.02,0.0,0.00,0.94,0.12,-0.0018,truncated,371876
108,102.71,105,0.0040,4.82,6.81,49.5,1.94,86.21,12.73,-1.2238,,372296
109,3023.73,4948,0.0040,7.00,10.84,13.7,0.61,1818.59,1242.09,-36.9431,,392088
110,996.79,945,0.0380,5.58,10.53,46.5,1.74,658.73,262.00,-8.9432,,395868
111,0.43,2,0.0380,7.96,7.96,0.0,0.00,0.32,0.12,-0.0002,truncated,395876
112,445.77,105,0.0960,2.36,4.98,100.0,18.23,162.54,49.59,-1.3648,,396296
113,5168.37,4948,0.8200,7.69,14.29,25.8,6.44,2359.52,1498.52,-499.6645,,416088
114,689.28,945,0.8260,6.45,13.15,35.9,1.28,521.78,159.11,-6.6079,,419868
115,2.71,2,0.8260,3.85,3.85,100.0,0.00,2.21,0.51,-0.0120,truncated,419876
116,490.52,105,0.1100,2.05,4.31,100.0,17.88,172.82,49.24,-1.5366,,420296
117,4480.15,1032,1.0000,2.43,6.55,95.9,18.26,1580.98,486.63,-12.4616,completed,424424
118,4913.69,1101,1.0000,2.35,6.11,97.5,18.08,1711.77,519.30,-12.3814,completed,428828
119,5016.96,1178,1.0000,2.49,7.18,93.9,18.05,1782.03,553.20,-13.2792,completed,433540
120,3127.63,1449,0.6300,6.87,17.09,47.4,8.59,1149.85,418.03,-10.2570,,439336
121,331.82,1112,0.6340,12.06,20.61,4.7,0.97,151.33,175.27,-4.7778,,443784
122,3.58,34,0.6340,19.25,19.63,0.0,0.36,0.00,3.60,-0.0224,,443920
123,11.18,94,0.6340,20.94,22.15,0.0,0.37,0.00,11.27,-0.0922,,444296
124,306.13,1147,0.6380,15.71,28.78,3.7,1.08,121.81,181.80,-7.4793,,448884
125,178.75,1280,0.6400,26.82,45.39,0.9,0.88,22.34,157.55,-6.1322,,454004
126,76.14,884,0.6400,22.57,37.68,0.0,0.40,7.10,75.15,-6.1128,truncated,457540
127,591.28,162,0.1140,2.69,4.97,100.0,16.56,235.97,76.98,-1.6613,,458188
128,3210.47,1328,0.7480,6.89,23.55,58.4,9.29,1254.70,382.73,-11.9587,,463500
129,47.23,956,0.7480,140.59,595.58,0.0,7.37,0.00,59.26,-12.0231,,467324
130,7.66,93,0.7480,670.06,743.95,0.0,19.65,0.00,9.12,-1.4553,,467696
131,1.51,649,0.7480,1270.89,1793.26,0.0,19.64,0.00,61.32,-9.8159,out_of_bound,470292
132,1903.85,454,0.4080,2.50,6.28,94.5,17.71,686.72,206.15,-4.0203,,472108
133,1119.27,980,0.6240,15.07,34.54,26.3,5.15,436.82,150.66,-8.2178,,476028
134,14.33,253,0.6240,227.27,443.63,0.0,18.39,0.00,18.77,-4.4416,,477040
135,13.79,251,0.6240,665.71,885.74,0.0,19.58,0.00,17.61,-3.8123,,478044
136,-46.44,68,0.6240,946.83,1006.07,0.0,19.53,0.00,4.61,-1.0460,out_of_bound,478316
137,2732.36,732,0.5580,2.91,8.69,85.0,17.09,1023.10,326.37,-7.1141,,481244
138,22.58,15,0.5580,3.60,3.70,100.0,0.50,17.87,4.73,-0.0156,,481304
139,96.61,238,0.5580,97.53,284.60,24.4,12.70,88.92,25.29,-17.6043,,482256
140,-44.75,161,0.5580,434.63,584.05,0.0,19.58,0.00,7.74,-2.4912,out_of_bound,482900
141,2538.80,603,0.5400,2.42,6.74,94.2,18.70,922.36,276.25,-4.8081,,485312
142,406.53,420,0.6260,135.61,457.10,26.7,17.42,182.22,74.53,-15.2240,out_of_bound,486992
143,1622.19,413,0.3320,2.61,6.60,93.7,19.15,608.09,192.51,-3.4027,,488644
144,1146.86,262,0.5800,2.33,5.67,93.9,19.13,408.01,120.75,-1.8956,,489692
145,2179.92,469,1.0000,2.38,6.62,94.9,18.36,722.30,212.36,-4.7381,completed,491568
146,1956.79,417,0.4380,2.08,5.30,99.5,19.08,678.52,191.83,-3.5597,,493236
147,195.88,48,0.4780,2.36,4.62,100.0,19.39,74.16,22.15,-0.4272,,493428
148,58.91,14,0.4900,2.13,4.19,100.0,19.49,22.52,6.46,-0.0767,,493484
149,2362.61,416,1.0000,1.82,5.19,99.3,18.39,707.12,183.52,-3.0244,completed,495148
150,2344.01,576,0.4860,2.45,6.60,95.0,19.44,871.75,267.01,-4.7553,,497452
151,543.70,154,0.6060,3.35,8.36,76.0,15.05,198.89,58.43,-13.6193,,498068
152,618.29,170,0.7300,2.96,7.36,81.2,17.25,232.59,77.33,-1.6206,,498748
153,1456.57,282,1.0000,2.14,6.24,97.9,19.28,454.26,129.47,-2.1583,completed,499876
154,3449.93,691,0.7900,1.84,4.61,100.0,19.25,1172.61,313.30,-5.9929,,502640
155,813.11,260,0.9420,3.56,8.59,71.2,19.56,312.09,122.71,-1.6929,,503680
156,4.27,3,0.9420,4.52,6.45,66.7,19.46,2.79,1.48,-0.0037,,503692
157,513.11,100,1.0000,3.50,6.80,72.0,19.27,120.99,47.88,-0.7660,completed,504092
158,3445.86,841,0.7520,2.80,7.60,82.6,19.02,1192.10,385.03,-6.2610,,507456
159,483.09,115,0.8540,2.43,6.20,93.9,19.28,174.55,54.43,-0.8827,,507916
160,43.62,6,0.8660,1.38,1.67,100.0,15.83,11.10,2.53,-0.0100,,507940
161,756.09,101,1.0000,1.65,4.06,100.0,18.19,177.35,44.60,-0.8709,completed,508344
162,3032.25,727,0.6500,2.58,9.56,90.8,19.17,1081.58,336.58,-5.9067,,511252
163,421.23,129,0.7280,3.24,6.91,79.8,19.60,165.22,61.89,-0.8784,,511768
164,858.57,297,0.8820,3.81,8.34,67.7,19.49,336.89,139.00,-2.3261,,512956
165,872.92,243,1.0000,4.05,9.12,62.6,19.37,262.55,117.01,-1.6363,completed,513928
166,1055.79,222,0.2380,2.01,4.32,100.0,19.10,367.73,100.64,-2.5725,,514816
167,1336.57,332,0.5140,2.54,7.30,90.4,19.43,495.33,154.39,-3.1631,,516144
168,2235.29,540,0.9800,2.43,6.62,96.3,19.47,822.92,252.06,-4.7000,,518304
169,297.36,24,1.0000,2.49,4.52,100.0,18.44,36.28,11.33,-0.2412,completed,518400
170,110.77,18,0.0300,1.35,2.24,100.0,18.23,33.10,8.03,-0.3638,,518472
171,1831.76,402,0.4420,2.38,6.25,93.3,19.20,619.37,185.42,-3.0347,,520080
172,2134.09,619,0.8640,3.32,9.47,77.7,19.02,795.01,288.74,-4.6610,,522556
173,178.06,45,0.9000,2.53,5.08,97.8,19.47,67.10,21.39,-0.4263,,522736
174,700.21,130,1.0000,2.61,6.11,90.8,19.37,190.55,60.77,-1.1081,completed,523256
175,1988.86,437,0.4340,2.07,4.93,100.0,19.49,712.58,200.26,-3.9757,,525004
176,2456.90,567,0.9800,2.58,8.02,86.4,18.46,839.60,256.92,-4.6216,,527272
177,8.59,2,0.9820,1.94,3.82,100.0,19.84,3.12,0.49,-0.0161,,527280
178,292.76,26,1.0000,2.97,5.54,84.6,18.35,35.55,12.42,-0.2146,completed,527384
179,2186.75,435,0.5040,1.82,4.51,100.0,19.29,741.80,193.77,-3.8193,,529124
180,2402.63,672,0.9900,3.23,9.77,78.6,18.52,879.81,313.53,-5.7138,,531812
181,255.10,18,1.0000,3.53,6.89,72.2,17.49,21.74,8.56,-0.2048,completed,531884
182,116.84,26,0.0280,2.40,3.80,100.0,19.50,40.17,12.24,-0.5790,,531988
183,1624.45,355,0.3820,2.06,4.84,100.0,19.48,579.48,163.26,-3.3007,,533408
184,2270.60,499,0.8960,2.42,8.65,88.6,18.94,765.35,223.65,-3.3986,,535404
185,768.01,182,1.0000,3.45,7.00,73.1,19.18,222.61,87.08,-1.6862,completed,536132
186,543.33,110,0.1260,1.94,4.26,100.0,19.31,184.31,50.03,-1.0088,,536572
187,2283.79,508,0.6220,2.16,5.25,98.0,19.41,814.43,233.96,-4.5952,,538604
188,1491.60,336,0.9420,2.13,4.95,100.0,19.49,541.26,153.15,-2.8076,,539948
189,473.03,62,1.0000,2.07,4.49,100.0,18.91,101.04,27.65,-0.6527,completed,540196
190,1302.83,333,0.2660,2.57,6.14,96.7,19.51,493.02,153.04,-3.2299,,541528
191,710.24,177,0.4120,2.52,5.45,96.6,19.58,264.83,81.92,-1.5150,,542236
192,1743.06,470,0.7620,2.92,8.10,85.3,18.93,650.80,221.12,-3.8591,,544116
193,1340.36,280,1.0000,2.57,8.20,92.5,19.13,416.75,131.07,-2.4650,completed,545236
194,897.41,236,0.1800,2.63,5.91,95.3,19.48,343.84,110.87,-2.2978,,546180
195,1853.77,440,0.5680,2.30,5.39,98.4,19.49,686.71,200.88,-3.8139,,547940
196,380.81,109,0.6440,3.32,8.02,75.2,17.31,139.96,51.75,-0.9028,,548376
197,1980.13,477,1.0000,2.84,7.93,86.0,19.19,669.76,224.01,-3.6394,completed,550284
198,612.53,93,0.1640,1.32,3.25,100.0,16.18,171.18,37.01,-0.6567,,550656
199,1739.79,418,0.5400,2.65,7.82,86.1,18.97,611.38,191.19,-2.7791,,552328
200,303.21,94,0.5980,3.49,7.85,73.4,19.12,115.48,43.46,-0.7321,,552704
201,2084.86,469,1.0000,2.77,7.34,84.6,18.96,667.39,216.47,-4.0031,completed,554580
202,2.30,2,0.0020,4.99,5.80,50.0,14.08,1.52,0.96,-0.1766,,554588
203,1725.71,474,0.3400,2.84,7.22,89.0,19.46,662.54,222.23,-4.0560,,556484
204,3441.97,883,1.0000,3.09,9.55,81.7,18.67,1189.74,409.27,-7.0503,completed,560016
205,4883.91,1096,1.0000,2.35,7.52,95.5,19.31,1695.06,504.35,-10.5000,completed,564400
206,5018.07,1260,1.0000,2.93,9.57,84.1,18.43,1749.96,584.31,-11.2064,completed,569440
207,4070.32,1722,0.8240,26.87,83.80,52.1,12.76,1472.50,581.31,-38.4914,,576328
208,65.89,565,0.8240,91.34,99.87,0.0,0.42,0.00,73.20,-7.3150,,578588
209,52.24,474,0.8240,107.59,113.51,0.0,0.40,0.00,57.38,-5.1354,,580484
210,17.09,173,0.8240,115.92,118.30,0.0,0.36,0.00,18.72,-1.6279,,581176
211,55.51,734,0.8240,129.36,140.97,0.0,0.36,0.00,64.28,-8.7739,,584112
212,0.11,2,0.8240,140.97,140.97,0.0,0.04,0.00,0.15,-0.0346,,584120
213,23.45,449,0.8240,149.08,158.20,0.0,0.42,0.00,29.90,-6.4532,,585916
214,13.29,627,0.8240,169.97,180.91,0.0,0.37,0.00,22.79,-9.4938,,588424
215,6.12,515,0.8240,190.73,201.12,0.0,0.40,0.00,14.06,-7.9459,,590484
216,4.84,739,0.8240,214.67,227.26,0.0,0.36,0.00,16.01,-11.1692,truncated,593440
217,56.25,13,0.0140,2.26,3.90,100.0,19.65,20.58,6.08,-0.4161,,593492
218,1195.82,271,0.2700,2.15,4.62,100.0,19.48,436.08,122.40,-2.6614,,594576
219,3726.72,938,1.0000,2.99,9.49,82.6,17.21,1288.76,424.00,-11.0424,completed,598328
220,886.13,165,0.2120,1.66,4.51,100.0,19.11,289.37,72.85,-1.0889,,598988
221,3992.29,927,1.0000,2.45,7.10,94.9,19.03,1406.44,424.18,-8.3256,completed,602696
222,4799.55,1041,1.0000,2.25,6.61,97.0,19.11,1644.41,469.51,-9.3735,completed,606860
223,1733.58,313,0.4300,1.84,7.39,97.1,16.15,532.24,134.29,-2.9495,,608112
224,1270.53,1185,0.6300,15.42,23.35,21.9,7.51,427.97,379.54,-36.9874,,612852
225,265.71,1160,0.6300,20.52,23.75,0.0,3.62,0.00,307.00,-41.2874,,617492
226,263.90,1173,0.6300,19.70,22.76,0.0,3.88,0.01,307.34,-43.4533,,622184
227,50.53,201,0.6300,19.09,21.71,0.0,3.36,0.00,55.52,-4.9941,,622988
228,194.39,858,0.6300,17.61,20.67,0.0,3.68,0.06,221.69,-27.3614,,626420
229,345.12,1110,0.6300,14.20,19.35,7.7,4.33,106.75,282.33,-43.9650,truncated,630860
230,4188.60,1498,0.8720,5.37,17.12,58.6,11.95,1524.05,549.36,-59.8078,,636852
231,20.97,6,0.8760,2.98,4.54,100.0,14.63,8.25,2.79,-0.0727,,636876
232,1092.10,420,1.0000,4.40,12.59,65.5,8.77,429.23,173.08,-20.2050,completed,638556
233,879.21,2818,0.0140,23.99,138.79,8.0,6.38,466.72,590.70,-208.2131,,649828
234,12.67,148,0.0140,148.43,156.01,0.0,1.41,0.00,13.93,-1.2655,,650420
235,102.55,2047,0.0140,341.85,564.20,0.0,2.51,0.00,193.17,-90.6276,,658608
236,16.40,215,0.0140,571.37,578.82,0.0,0.84,0.00,20.22,-3.8145,,659468
237,25.82,352,0.0140,589.30,602.68,0.0,0.83,0.00,32.31,-6.4877,,660876
238,33.30,420,0.0140,609.87,618.20,0.0,0.45,0.00,39.92,-6.6202,truncated,662556
239,4809.22,1625,0.8120,3.33,8.75,80.5,9.23,2059.90,756.88,-32.5639,,669056
240,61.21,41,0.8140,4.73,9.16,48.8,1.41,37.17,19.51,-0.4754,,669220
241,295.87,3562,0.8160,471.92,680.95,3.9,2.09,200.66,248.92,-158.7045,,683468
242,26.25,772,0.8160,697.13,710.96,0.0,0.41,0.00,36.46,-10.2123,truncated,686556
243,127.10,375,0.0040,25.04,33.85,11.5,1.83,70.20,66.89,-14.9929,,688056
244,5.19,34,0.0040,34.30,34.60,0.0,0.44,0.00,5.43,-0.2374,,688192
245,75.59,1216,0.0040,101.87,288.99,0.0,2.33,0.00,119.23,-43.6442,,693056
246,559.40,4375,0.0040,584.09,651.53,0.0,1.04,0.00,626.70,-67.3028,truncated,710556
247,2103.44,375,0.5200,1.70,4.69,100.0,17.04,652.10,168.86,-12.5245,,712056
248,200.44,34,0.5700,1.59,3.54,100.0,18.77,60.29,15.34,-0.1957,,712192
249,2362.45,1216,0.8140,4.11,19.49,76.6,6.04,1403.77,369.16,-20.4842,,717056
250,1709.09,4375,0.8220,11.53,23.42,14.4,1.25,1099.37,628.19,-38.4612,truncated,734556
251,1845.83,375,0.4240,1.88,5.09,99.5,19.16,635.46,159.88,-4.5136,,736056
252,75.86,34,0.4300,2.68,5.58,91.2,6.43,50.72,11.57,-1.4291,,736192
253,2133.48,1216,0.5640,3.36,8.86,88.1,3.72,1560.86,250.50,-12.8829,,741056
254,2435.72,2213,0.6200,5.09,14.62,59.7,1.85,1981.93,329.38,-15.5878,,749908
255,2785.99,2162,0.6360,4.40,18.93,80.9,1.39,2343.17,415.07,-12.2548,truncated,758556
256,1227.33,375,0.2200,2.34,4.99,100.0,5.80,588.09,101.49,-7.2581,,760056
257,1804.78,1250,0.2260,3.46,9.73,91.4,1.15,1566.46,228.36,-5.0349,,765056
258,2199.12,2213,0.2280,4.98,12.60,58.5,1.40,1844.65,361.08,-11.6149,,773908
259,1557.74,2162,0.2280,6.14,12.84,39.8,1.28,1259.64,308.88,-10.7763,truncated,782556
260,2115.21,375,0.5180,1.61,4.42,100.0,18.49,663.32,166.39,-4.4990,,784056
261,2460.89,527,1.0000,2.21,7.86,94.1,15.69,844.03,221.43,-9.5735,completed,786164
262,926.67,723,0.0420,4.43,9.57,70.0,2.52,699.67,132.42,-5.4185,,789056
263,2394.85,2213,0.0440,4.54,10.32,64.3,1.22,2066.42,338.68,-15.2473,,797908
264,571.25,367,0.0520,3.23,5.87,93.5,1.77,482.06,71.35,-2.1624,,799376
265,3944.68,1903,0.4300,3.12,8.35,93.2,5.38,2550.79,464.32,-15.4230,,806988
266,1651.13,794,0.5640,2.95,9.06,94.2,5.76,1116.90,209.06,-9.8335,truncated,810164
267,1349.99,723,0.0740,3.02,9.05,92.7,4.23,1003.95,176.62,-10.5738,,813056
268,1554.49,1069,0.1140,4.99,34.80,85.4,3.54,1278.47,209.89,-33.8715,,817332
269,445.41,1144,0.1220,12.35,37.76,19.4,4.43,338.32,158.56,-71.4627,,821908
270,2958.43,1141,0.7240,5.99,27.89,59.0,11.43,1140.12,348.77,-35.4570,,826472
271,1682.08,439,1.0000,2.80,7.48,90.7,15.12,627.11,171.02,-6.0512,completed,828228
272,2064.66,402,0.4780,1.75,3.70,100.0,19.00,693.67,186.18,-5.1942,,829836
273,1102.62,288,0.7020,2.71,6.87,87.8,19.45,415.61,130.29,-3.2698,,830988
274,1699.75,411,1.0000,2.91,7.04,85.9,19.30,569.83,189.64,-4.7261,completed,832632
275,3774.07,778,0.8700,1.99,5.81,98.8,18.25,1282.97,347.49,-26.3852,,835744
276,749.21,102,1.0000,1.68,3.60,100.0,18.51,178.15,47.83,-1.7679,completed,836152
277,3946.74,971,0.8220,2.47,7.28,92.1,18.31,1469.23,438.40,-10.8894,,840036
278,614.37,1025,0.8340,24.54,57.76,28.3,2.74,425.08,181.86,-22.5677,,844136
279,129.26,443,0.8360,21.61,39.38,6.3,4.20,49.94,84.52,-10.2037,,845908
280,408.55,1746,0.8400,95.13,218.00,1.3,14.09,41.35,396.97,-39.7659,,852892
281,65.94,236,0.8400,157.82,215.68,0.0,19.61,0.00,68.27,-2.3324,,853836
282,165.39,751,0.8400,137.80,235.01,0.0,18.64,0.00,171.18,-5.7928,,856840
283,56.43,259,0.8400,100.88,185.68,0.0,18.76,0.00,58.65,-2.2184,,857876
284,105.55,569,0.8400,159.29,257.98,0.0,17.12,0.00,126.45,-20.9014,truncated,860152
285,1032.73,197,0.2440,1.75,4.06,100.0,18.84,339.90,90.17,-2.3356,,860940
286,1592.04,344,0.5940,2.04,4.93,100.0,19.13,562.56,158.08,-3.6022,,862316
287,2173.74,489,1.0000,2.46,5.63,96.7,19.35,740.57,223.80,-5.6306,completed,864272
288,2681.09,561,0.6020,1.95,4.45,100.0,18.89,934.51,255.48,-8.8937,,866516
289,1613.04,405,0.9340,2.58,6.07,92.1,19.52,600.07,187.02,-4.0482,,868136
290,516.82,76,1.0000,2.38,5.03,98.7,18.91,117.47,35.43,-1.0837,completed,868440
291,1846.32,347,0.4380,1.73,4.15,100.0,18.76,601.63,158.30,-3.6152,,869828
292,1783.21,4122,0.6340,164.80,346.08,9.5,9.48,628.65,1189.26,-524.6988,,886316
293,133.23,1051,0.6340,191.98,368.89,0.0,7.42,0.00,282.69,-149.4674,,890520
294,21.60,78,0.6340,293.70,298.68,0.0,2.31,0.00,27.01,-5.4121,,890832
295,131.03,402,0.6340,283.33,289.14,0.0,0.49,0.00,137.90,-6.8665,truncated,892440
296,1664.04,347,0.3780,2.03,5.50,98.8,18.95,568.43,159.34,-3.7230,,893828
297,1178.06,419,0.5720,3.50,8.72,77.1,15.36,518.47,192.72,-18.1302,,895504
298,2374.86,611,1.0000,2.97,8.53,83.8,17.61,840.44,281.75,-17.3177,completed,897948
299,1266.76,252,0.2920,1.82,4.74,100.0,19.20,428.50,115.62,-2.3646,,898956
300,3592.71,841,1.0000,2.57,7.97,89.9,19.05,1249.47,385.91,-12.6784,completed,902320
301,315.34,103,0.0600,3.50,8.01,74.8,18.24,125.63,48.38,-3.6726,,902732
302,385.86,1050,0.0680,527.42,840.29,11.0,9.48,174.23,212.45,-20.8196,,906932
303,369.09,1055,0.0680,814.01,828.09,0.0,0.41,0.00,385.09,-16.0004,,911152
304,293.34,842,0.0680,788.57,799.77,0.0,0.42,0.00,306.15,-12.8105,,914520
305,195.84,563,0.0680,768.37,776.67,0.0,0.43,0.00,204.32,-8.4817,,916772
306,239.32,683,0.0680,751.52,760.95,0.0,0.40,0.00,249.70,-10.3849,,919504
307,17.44,50,0.0680,742.61,742.98,0.0,0.21,0.00,18.18,-0.7451,,919704
308,66.31,189,0.0680,739.96,742.26,0.0,0.37,0.00,69.18,-2.8698,,920460
309,330.10,949,0.0680,726.15,737.68,0.0,0.39,0.00,344.56,-14.4608,,924256
310,178.91,516,0.0680,707.75,713.47,0.0,0.36,0.00,186.70,-7.7872,truncated,926320
311,4726.30,1018,1.0000,2.30,7.51,93.6,18.53,1590.14,457.65,-16.4838,completed,930392
312,885.68,276,0.1680,3.34,7.36,73.6,19.47,346.40,127.15,-2.8763,,931496
313,300.24,69,0.2320,2.20,5.12,98.6,19.74,109.23,31.56,-0.5410,,931772
314,3920.33,946,1.0000,2.67,10.30,88.4,18.06,1382.39,436.11,-18.1657,completed,935556
315,1670.15,406,0.3600,2.59,6.60,86.9,19.09,597.56,181.50,-3.9080,,937180
316,3170.30,681,1.0000,2.27,5.79,97.4,19.17,1069.57,309.98,-9.2623,completed,939904
317,1812.43,315,0.4580,1.58,4.72,100.0,16.46,556.46,128.66,-12.6861,,941164
318,1290.28,292,0.7360,2.18,5.41,99.7,19.31,464.85,133.42,-2.9936,,942332
319,1071.08,1081,0.8320,18.03,41.43,29.5,3.30,538.37,299.69,-6.9862,,946656
320,573.96,400,0.8620,6.01,32.60,69.2,4.65,408.36,99.62,-9.0195,,948256
321,936.71,224,1.0000,3.18,6.50,81.2,19.23,290.73,105.06,-4.0769,completed,949152
322,1520.76,405,0.3040,2.70,6.45,89.9,19.53,582.67,187.19,-4.1002,,950772
323,255.78,51,0.3620,1.71,3.57,100.0,18.42,88.67,22.75,-0.6406,,950976
324,2886.94,1361,0.8320,4.76,15.98,59.7,7.38,1324.98,402.85,-15.8947,,956420
325,3413.37,3959,0.8580,6.40,17.67,39.7,1.23,2425.54,967.29,-44.4453,,972256
326,349.56,224,0.8600,3.21,9.62,92.4,1.17,297.36,49.87,-2.6731,truncated,973152
327,1488.64,405,0.3020,2.93,7.38,84.4,19.20,558.26,184.32,-3.9421,,974772
328,3226.37,615,1.0000,1.99,6.57,98.9,18.02,1021.31,269.17,-9.1137,completed,977232
329,3186.44,754,0.6820,2.43,6.82,93.1,18.89,1151.28,342.28,-7.1248,,980248
330,1665.23,319,1.0000,1.99,4.84,100.0,18.69,528.31,146.82,-4.9097,completed,981524
331,2966.48,669,0.6480,2.30,7.58,96.6,18.87,1051.14,307.47,-7.1305,,984200
332,932.02,273,0.8260,3.05,7.20,82.4,19.28,365.60,123.89,-2.4686,,985292
333,1049.63,216,1.0000,2.63,6.04,91.2,19.21,316.41,100.59,-2.3658,completed,986156
334,3537.20,776,0.7780,2.12,5.63,98.1,18.74,1253.68,350.96,-7.4443,,989260
335,494.42,132,0.8780,2.81,6.40,85.6,19.47,186.27,59.09,-0.9413,,989788
336,228.72,62,0.9220,2.55,5.16,98.4,19.56,91.46,27.81,-0.5525,,990036
337,608.01,119,1.0000,3.02,6.41,81.5,18.99,159.98,55.69,-2.6605,completed,990512
338,3315.10,838,0.7120,2.88,7.90,81.7,18.29,1173.55,375.83,-9.2849,,993864
339,561.83,167,0.8180,3.13,7.47,80.8,19.52,219.63,78.65,-1.4521,,994532
340,1050.50,191,1.0000,2.10,5.51,98.4,18.65,309.71,88.21,-2.4234,completed,995296
341,3931.57,895,0.8540,2.26,6.43,96.4,18.96,1406.31,403.20,-7.9407,,998876
342,967.39,219,1.0000,2.89,6.04,87.2,19.23,302.16,103.00,-2.7666,completed,999752
