x,y
0.0,0.0
1.4302515,3.2148163
2.8574886,6.4332843
4.278697,9.659057
5.6908627,12.895783
7.090971,16.147118
8.476007,19.416712
9.842958,22.708218
11.188809,26.025286
12.510546,29.371569
13.805154,32.750717
15.069618,36.166386
16.300926,39.622227
17.496061,43.121887
18.65201,46.66902
19.765759,50.26728
20.834293,53.920322
21.854599,57.63179
22.823662,61.40534
23.738466,65.24462
24.596,69.15329
25.393248,73.134995
26.127193,77.19339
26.794825,81.33212
27.393127,85.554855
27.9197,89.864624
28.374876,94.26184
28.762163,98.7438
29.087646,103.30529
29.357866,107.94067
29.57936,112.64427
29.758665,117.41047
29.902323,122.233604
30.016869,127.108025
30.108843,132.02809
30.184782,136.98814
30.251226,141.98254
30.314716,147.00563
30.381786,152.05176
30.458977,157.11528
30.552826,162.19055
30.669872,167.27193
30.816654,172.35374
30.99971,177.43036
31.225578,182.49612
31.5008,187.5454
31.83191,192.57251
32.22545,197.57184
32.68795,202.53772
33.22596,207.46451
33.845215,212.34729
34.548298,217.18417
35.334187,221.97658
36.199062,226.7286
37.138668,231.44475
38.14875,236.12953
39.225044,240.78745
40.3633,245.42297
41.559254,250.04063
42.80865,254.64491
44.107235,259.24033
45.45075,263.8314
46.834934,268.42255
48.25553,273.01837
49.708286,277.62332
51.18894,282.24188
52.693237,286.8786
54.216915,291.53793
55.755722,296.2244
57.3054,300.9425
58.86169,305.69678
60.420334,310.49164
61.977074,315.33167
63.527657,320.22134
65.067825,325.16513
66.59378,330.16592
68.10341,335.22067
69.596436,340.31982
71.07397,345.4489
72.537315,350.59286
73.98778,355.7365
75.42666,360.86478
76.85527,365.9625
78.2749,371.01456
79.686874,376.00586
81.092476,380.92123
82.49301,385.74564
83.88979,390.46387
85.28413,395.06088
86.6773,399.52148
88.07063,403.8306
89.46542,407.97308
90.86297,411.93384
92.26458,415.69772
93.67156,419.24963
95.08521,422.57443
96.50684,425.657
97.93775,428.48224
99.379234,431.035
100.83261,433.30017
102.29942,435.26596
103.782005,436.9312
105.28356,438.30634
106.80789,439.41006
108.35889,440.26215
109.94043,440.88232
111.556404,441.29034
113.2107,441.50595
114.9072,441.54886
116.649796,441.4388
118.44235,441.19556
120.28877,440.83884
122.19294,440.3884
124.15873,439.86395
126.19003,439.28525
128.29073,438.67206
130.4647,438.04407
132.71587,437.42105
135.04807,436.82272
137.4652,436.26886
139.97116,435.77917
142.56982,435.3734
145.26509,435.07132
148.06082,434.8926
150.9609,434.85703
153.96773,434.9808
157.0793,435.27005
160.289,435.72
163.58698,436.31854
166.96306,437.05264
170.40709,437.9094
173.90887,438.87585
177.45828,439.93903
181.0451,441.086
184.6592,442.30383
188.29039,443.57953
191.9285,444.90018
195.56337,446.25284
199.18481,447.6245
202.78268,449.00226
206.3468,450.37317
209.86699,451.72427
213.3331,453.0426
216.73494,454.31522
220.06235,455.52914
223.30516,456.67148
226.45322,457.72925
229.49632,458.6895
232.42432,459.5393
235.22708,460.26572
237.89676,460.85886
240.43175,461.31696
242.83696,461.64676
245.12155,461.8606
247.29507,461.97125
249.36707,461.99155
251.34709,461.9343
253.24466,461.81232
255.06935,461.63837
256.8307,461.42532
258.5382,461.18594
260.20145,460.93304
261.83,460.67944
263.43335,460.43796
265.0211,460.22137
266.60272,460.04254
268.18784,459.91418
269.78592,459.84918
271.40656,459.86035
273.0593,459.96042
274.75363,460.1623
276.49918,460.4787
278.3054,460.9225
280.18192,461.50647
282.13818,462.24335
284.1814,463.14178
286.31308,464.20026
288.52884,465.40683
290.82068,466.743
293.18027,468.18994
295.59933,469.7286
298.06958,471.34015
300.5827,473.0056
303.1304,474.70605
305.70444,476.42258
308.29642,478.13623
310.89813,479.82806
313.50125,481.4792
316.0975,483.07065
318.67856,484.58353
321.23615,485.99887
323.76196,487.2978
326.2477,488.46133
328.68512,489.47055
331.06586,490.30655
333.38168,490.9504
335.62424,491.38315
337.78528,491.58588
339.85648,491.53964
341.82962,491.22565
343.69836,490.63
345.46072,489.74982
347.1192,488.59363
348.67892,487.17654
350.1451,485.51416
351.523,483.62195
352.8179,481.51547
354.03503,479.2103
355.1797,476.72192
356.25705,474.0659
357.27246,471.25775
358.2311,468.31305
359.13828,465.24734
359.9992,462.0761
360.81915,458.8149
361.6034,455.4793
362.35718,452.08484
363.08575,448.647
363.79437,445.1814
364.48828,441.7035
365.17276,438.22888
365.85303,434.77307
366.5344,431.35162
367.22208,427.98007
367.9213,424.67383
368.63654,421.4451
369.37064,418.29932
370.12482,415.23505
370.89935,412.24707
371.69458,409.33
372.51074,406.47842
373.34808,403.68698
374.20694,400.95026
375.08752,398.26288
375.9901,395.61945
376.915,393.01453
377.86246,390.44278
378.83273,387.8988
379.82614,385.3772
380.84293,382.87253
381.88333,380.3795
382.9477,377.8926
384.03622,375.40652
385.14923,372.91586
386.287,370.4152
387.44974,367.89914
388.63776,365.36234
389.85135,362.79932
391.09076,360.20477
392.35626,357.5733
393.64777,354.90082
394.96463,352.1855
396.30554,349.42792
397.66888,346.6299
399.053,343.7933
400.45627,340.91992
401.87708,338.0116
403.31378,335.07016
404.76474,332.0975
406.22833,329.0954
407.7029,326.0657
409.18686,323.01028
410.67853,319.93097
412.1763,316.8296
413.67856,313.70798
415.18362,310.56796
416.6899,307.4114
418.19574,304.24014
419.69952,301.056
421.19962,297.8608
422.69437,294.65643
424.1822,291.4447
425.66138,288.22742
427.13034,285.0065
428.5875,281.78372
430.0319,278.56168
431.4637,275.34393
432.8844,272.13535
434.29596,268.9412
435.7003,265.76685
437.09943,262.6176
438.49536,259.4989
439.89,256.41605
441.28546,253.37434
442.6836,250.37917
444.08646,247.43588
445.49603,244.5498
446.91425,241.7263
448.34314,238.9707
449.78467,236.28838
451.2408,233.68465
452.7136,231.16487
454.20493,228.73438
455.71686,226.39854
457.2513,224.16269
458.81033,222.03217
460.39587,220.01233
462.00992,218.1085
463.65442,216.32607
465.3314,214.67012
467.0423,213.14232
468.7878,211.73827
470.56793,210.44774
472.38217,209.25792
474.23016,208.15593
476.1115,207.12889
478.02573,206.1639
479.97244,205.2481
481.95123,204.36858
483.9617,203.51248
486.0034,202.66692
488.07587,201.81898
490.17877,200.95584
492.31168,200.06458
494.47412,199.13231
496.66574,198.14616
498.88608,197.09325
501.1347,195.9607
503.41125,194.73563
505.71527,193.40514
508.04636,191.95634
510.4041,190.37639
512.7881,188.65237
515.1978,186.77142
517.63293,184.72105
520.0928,182.49423
522.57605,180.09268
525.0812,177.52667
527.6064,174.80986
530.1499,171.956
532.7099,168.97882
535.2846,165.89206
537.87225,162.70947
540.471,159.4448
543.07904,156.11177
545.6947,152.72414
548.3161,149.29562
550.9414,145.84
553.5689,142.37099
556.1968,138.90234
558.82324,135.44778
561.44653,132.02109
564.06476,128.63596
566.6763,125.306145
569.2791,122.04541
571.87164,118.86748
574.452,115.78609
577.0184,112.814995
579.56903,109.967926
582.1023,107.258125
584.6176,104.69303
587.1166,102.27118
589.60236,99.982704
592.0789,97.81456
594.5502,95.75368
597.02014,93.78698
599.49274,91.9014
601.97186,90.08385
604.4614,88.32126
606.9655,86.600555
609.488,84.90866
612.0328,83.23251
614.6038,81.55902
617.2051,79.87512
619.8405,78.16773
622.51404,76.42378
625.2296,74.630196
627.9912,72.7739
630.8027,70.84183
633.6681,68.820885
636.5913,66.698006
639.57623,64.46013
642.62695,62.09416
645.74725,59.587032
648.9406,56.92676
652.2045,54.1119
655.52826,51.156425
658.8931,48.088673
662.27783,44.9419
665.66095,41.749393
669.02124,38.544453
672.33734,35.360363
675.5878,32.23042
678.7514,29.187912
681.8067,26.266138
684.73236,23.498384
687.50714,20.917948
690.10956,18.558115
692.5183,16.452185
694.71204,14.633443
696.6695,13.135185
698.3692,11.990704
699.78986,11.23329
700.9101,10.8962345
701.7087,11.012833
702.1641,11.616375
702.2551,12.740153
701.9603,14.41746
701.2584,16.68159
700.1292,19.564066
698.5624,23.08163
696.5615,27.230383
694.1427,31.987528
691.32605,37.324406
688.1316,43.212322
684.5794,49.62259
680.68964,56.526512
676.48224,63.89541
671.9775,71.700584
667.19525,79.913345
662.15576,88.505005
656.879,97.44687
651.38513,106.71025
645.6942,116.266464
639.8263,126.08681
633.8015,136.14261
627.63983,146.40515
621.3615,156.84576
614.98645,167.43575
608.53485,178.14642
602.02673,188.9491
595.48224,199.81506
588.9214,210.71564
582.36426,221.62215
575.8304,232.50688
569.33466,243.34947
562.88605,254.13931
556.4882,264.8745
550.1431,275.55576
543.85284,286.18362
537.61945,296.75873
531.445,307.28168
525.33154,317.75314
519.28107,328.17374
513.2957,338.54404
507.3775,348.8647
501.5285,359.13632
495.7507,369.35953
490.04623,379.53497
484.4171,389.66324
478.8654,399.74496
473.39313,409.78076
468.00235,419.77124
462.69516,429.71707
457.47357,439.6188
452.33966,449.4771
447.29547,459.2926
442.34308,469.0659
437.48447,478.7976
432.72137,488.4884
428.05292,498.13928
423.475,507.75168
418.98074,517.32733
414.56253,526.86816
410.21268,536.3761
405.9236,545.8529
401.68768,555.3005
397.49728,564.72076
393.3448,574.1156
389.22253,583.4869
385.12296,592.8364
381.03836,602.1662
376.96118,611.478
372.88373,620.77374
368.79846,630.0553
364.69766,639.3246
360.5738,648.5834
356.41916,657.8336
352.22617,667.0772
347.98718,676.316
343.69458,685.5519
339.34073,694.7867
334.918,704.0223
330.4188,713.2606
325.836,722.5035
321.1656,731.75195
316.4073,741.00665
311.56406,750.26733
306.6396,759.5339
301.63757,768.80585
296.56174,778.0831
291.4157,787.36536
286.20325,796.65234
280.92798,805.94385
275.59366,815.23944
270.20392,824.53906
264.7625,833.84235
259.2731,843.14905
253.73938,852.45886
248.16504,861.7716
242.55377,871.0869
236.90927,880.40466
231.23523,889.7245
225.53534,899.04614
219.8133,908.3694
214.0728,917.6939
208.31752,927.01953
202.55116,936.3459
196.77744,945.67285
191.0,955.0
